id,first_name,last_name,email,gender,ip_address
1,Mona,Trowl,mtrowl0@so-net.ne.jp,Female,32.178.39.171
2,Dalila,Scudder,dscudder1@netvibes.com,Female,228.8.0.183
3,Allistir,Cosgrave,acosgrave2@eventbrite.com,Male,94.239.92.234
4,Dick,Seyfart,dseyfart3@usda.gov,Male,93.226.225.194
5,Theresina,Fairchild,tfairchild4@youtu.be,Female,157.17.109.121
6,Wiley,Green,wgreen5@fastcompany.com,Male,202.57.242.200
7,Vally,Cattini,vcattini6@latimes.com,Polygender,125.140.143.249
8,Wanids,Feek,wfeek7@zimbio.com,Female,212.65.176.39
9,Faustine,Matic,fmatic8@ca.gov,Female,73.23.234.40
10,Jourdain,Cargo,jcargo9@lulu.com,Male,174.3.223.185
11,Candida,Belford,cbelforda@youtu.be,Female,6.97.250.103
12,Shelagh,Rosenfarb,srosenfarbb@cam.ac.uk,Female,155.236.23.175
13,Kasey,Yanuk,kyanukc@miitbeian.gov.cn,Female,228.11.178.108
14,Silvana,Blastock,sblastockd@i2i.jp,Female,62.241.211.59
15,Isabelle,Gilliat,igilliate@bloglines.com,Female,35.116.146.88
16,Selina,McQuin,smcquinf@feedburner.com,Female,163.51.158.183
17,Dmitri,Rymour,drymourg@domainmarket.com,Male,46.29.141.140
18,Nevil,Fletham,nflethamh@sbwire.com,Genderfluid,126.139.181.95
19,Noland,Davie,ndaviei@wired.com,Male,214.205.157.22
20,Salvidor,Kave,skavej@themeforest.net,Male,170.172.31.183
21,Nicole,Uzzell,nuzzellk@tiny.cc,Polygender,248.180.154.242
22,Brandais,Borer,bborerl@jugem.jp,Female,22.11.203.89
23,Edward,Kunzel,ekunzelm@abc.net.au,Polygender,163.102.204.2
24,Gipsy,McKennan,gmckennann@hao123.com,Female,231.187.148.21
25,Aveline,Whittlesee,awhittleseeo@nhs.uk,Female,249.116.250.29
26,Kacie,Agron,kagronp@surveymonkey.com,Female,129.197.147.134
27,Emmalyn,Foxcroft,efoxcroftq@booking.com,Female,48.28.197.165
28,Lynelle,Edmundson,ledmundsonr@t-online.de,Non-binary,251.239.16.1
29,Shermie,Kellington,skellingtons@squarespace.com,Non-binary,80.179.27.252
30,Kessiah,Crippin,kcrippint@ftc.gov,Female,50.8.109.188
31,Charlotta,Machin,cmachinu@goo.ne.jp,Female,233.234.168.152
32,Adriano,Fitchew,afitchewv@edublogs.org,Male,243.199.193.101
33,Vachel,Labbe,vlabbew@answers.com,Male,62.10.178.147
34,Cristi,Pietrzak,cpietrzakx@spiegel.de,Female,76.64.2.148
35,Dayna,Shasnan,dshasnany@washingtonpost.com,Female,234.211.98.139
36,Georgia,Cornbill,gcornbillz@constantcontact.com,Female,85.239.58.0
37,Renato,Cavanaugh,rcavanaugh10@163.com,Male,225.67.214.3
38,Nickola,Rysom,nrysom11@reference.com,Male,236.40.149.241
39,Arielle,Aiskovitch,aaiskovitch12@facebook.com,Female,73.8.168.103
40,Valry,Barnwill,vbarnwill13@symantec.com,Genderqueer,253.28.135.176
41,Vince,Glassford,vglassford14@china.com.cn,Male,83.126.185.102
42,Talbot,Norwell,tnorwell15@artisteer.com,Male,16.211.168.198
43,Louie,Castilla,lcastilla16@technorati.com,Male,221.197.53.9
44,Errick,Balshaw,ebalshaw17@soup.io,Male,33.87.135.230
45,Ezequiel,Creswell,ecreswell18@unc.edu,Male,93.181.72.243
46,Staffard,Prentice,sprentice19@cisco.com,Male,121.66.11.31
47,Cristabel,Brandolini,cbrandolini1a@jigsy.com,Female,27.98.1.89
48,Munroe,Inglesant,minglesant1b@patch.com,Agender,176.145.85.15
49,West,Tritten,wtritten1c@cornell.edu,Male,62.179.206.122
50,Ninnetta,Dark,ndark1d@flickr.com,Genderfluid,52.3.10.199
51,Guglielma,Barratt,gbarratt1e@house.gov,Female,39.252.79.49
52,Scottie,Hubner,shubner1f@wordpress.com,Male,140.156.203.31
53,Giulio,Carne,gcarne1g@independent.co.uk,Male,204.80.225.20
54,Siffre,Krout,skrout1h@weebly.com,Male,231.149.216.129
55,Sephira,Gudde,sgudde1i@yellowbook.com,Female,192.193.28.57
56,Daisey,Every,devery1j@acquirethisname.com,Female,20.99.14.70
57,Carling,Beckhurst,cbeckhurst1k@earthlink.net,Male,17.161.167.242
58,Marlyn,Riddall,mriddall1l@indiatimes.com,Female,201.26.200.164
59,Kennie,Artinstall,kartinstall1m@ow.ly,Male,120.243.198.143
60,Ly,Freathy,lfreathy1n@usnews.com,Male,142.66.195.155
61,Cleon,Winterborne,cwinterborne1o@independent.co.uk,Male,236.157.27.144
62,Betty,Castan,bcastan1p@diigo.com,Female,220.236.207.174
63,Denny,Zienkiewicz,dzienkiewicz1q@google.ca,Male,208.239.79.210
64,Tome,Barribal,tbarribal1r@wordpress.com,Male,124.174.89.158
65,Austin,Beastall,abeastall1s@imgur.com,Female,156.136.170.235
66,Truda,Pinckney,tpinckney1t@nifty.com,Female,74.218.147.234
67,Odelle,Antushev,oantushev1u@google.ca,Agender,143.128.137.174
68,Rosemonde,Alders,ralders1v@usnews.com,Female,242.35.92.189
69,Perrine,Raddin,praddin1w@amazon.co.jp,Female,25.12.144.193
70,Kenton,Beetlestone,kbeetlestone1x@amazon.co.uk,Male,125.152.220.142
71,Skipton,Puckrin,spuckrin1y@walmart.com,Male,22.78.218.248
72,Cammy,Linfield,clinfield1z@intel.com,Female,128.250.98.45
73,Gwennie,O'Shaughnessy,goshaughnessy20@bloglines.com,Female,30.253.180.60
74,Eilis,Cathrae,ecathrae21@go.com,Female,72.206.89.14
75,Viola,Thake,vthake22@pagesperso-orange.fr,Female,88.249.29.191
76,Guss,Kelland,gkelland23@amazon.com,Male,23.192.47.110
77,Sunny,Sweynson,ssweynson24@ovh.net,Male,56.30.41.47
78,Melisandra,Byford,mbyford25@hp.com,Female,171.10.151.24
79,Brit,Havesides,bhavesides26@skyrock.com,Male,20.190.62.115
80,Odelia,Lorand,olorand27@ft.com,Female,238.95.9.111
81,Renie,Abendroth,rabendroth28@slideshare.net,Female,63.149.127.254
82,Allegra,Knightly,aknightly29@gravatar.com,Female,220.109.9.252
83,Rachele,Fennick,rfennick2a@hc360.com,Female,170.231.126.26
84,Hyacinthia,Lamkin,hlamkin2b@xrea.com,Female,13.18.69.52
85,Timothee,Bouda,tbouda2c@tiny.cc,Male,192.228.168.247
86,Xavier,Pfertner,xpfertner2d@nifty.com,Male,149.230.222.86
87,Nels,Canti,ncanti2e@forbes.com,Male,33.137.69.145
88,Shara,Sergeant,ssergeant2f@patch.com,Female,117.201.212.248
89,Fredelia,Khristyukhin,fkhristyukhin2g@foxnews.com,Female,124.90.203.44
90,Nikolaus,Grise,ngrise2h@businessweek.com,Male,158.243.248.175
91,Olly,Tredger,otredger2i@whitehouse.gov,Female,91.29.108.70
92,Cody,Ropkins,cropkins2j@yelp.com,Male,8.242.106.146
93,Vasilis,McCuffie,vmccuffie2k@theglobeandmail.com,Male,216.249.129.146
94,Matthew,Le Count,mlecount2l@apple.com,Male,231.1.164.71
95,Leonerd,Sydney,lsydney2m@nbcnews.com,Polygender,18.215.45.50
96,Alverta,Adamkiewicz,aadamkiewicz2n@illinois.edu,Female,154.115.52.239
97,Dora,Haygreen,dhaygreen2o@cisco.com,Female,173.2.120.249
98,Kristos,Edeler,kedeler2p@com.com,Male,140.134.214.231
99,Aldous,Stoade,astoade2q@liveinternet.ru,Male,41.141.41.218
100,Kaspar,Tuffey,ktuffey2r@angelfire.com,Male,112.58.243.229
101,Pavlov,Roads,proads2s@themeforest.net,Male,99.210.1.27
102,Alric,Misken,amisken2t@washington.edu,Male,146.121.207.207
103,Had,Proctor,hproctor2u@tiny.cc,Male,24.228.190.208
104,Brigham,Dullingham,bdullingham2v@sphinn.com,Male,22.254.19.14
105,Bobbi,Aishford,baishford2w@jimdo.com,Female,191.74.205.251
106,Somerset,Witling,switling2x@toplist.cz,Male,26.41.58.223
107,Mendel,Stittle,mstittle2y@squidoo.com,Male,129.221.32.223
108,Seward,Kleinhaus,skleinhaus2z@studiopress.com,Male,80.253.4.216
109,Edan,Amoore,eamoore30@wikipedia.org,Male,54.6.112.52
110,Rafferty,Burstow,rburstow31@miibeian.gov.cn,Male,184.14.212.153
111,Freddie,Pawlick,fpawlick32@mail.ru,Male,82.222.197.58
112,Ernaline,Boffey,eboffey33@guardian.co.uk,Non-binary,242.240.208.28
113,Belia,Kingham,bkingham34@wiley.com,Female,227.118.249.139
114,Melodee,Solomonides,msolomonides35@umich.edu,Female,223.151.37.249
115,Tilly,Shrimpton,tshrimpton36@ftc.gov,Female,163.186.10.30
116,Wolfy,Ziems,wziems37@gov.uk,Male,82.38.228.25
117,Leigha,Moorrud,lmoorrud38@cnet.com,Female,164.4.12.99
118,Ardeen,Brettor,abrettor39@cafepress.com,Female,174.33.246.144
119,Madella,Carruthers,mcarruthers3a@ucoz.com,Female,49.93.116.158
120,Iago,McNess,imcness3b@pcworld.com,Male,29.111.191.2
121,Cullan,Lindstrom,clindstrom3c@ft.com,Male,54.235.83.216
122,Klement,Bartosch,kbartosch3d@latimes.com,Male,219.72.151.149
123,Nataniel,Burchess,nburchess3e@slate.com,Male,224.250.8.180
124,Heindrick,Coad,hcoad3f@utexas.edu,Bigender,182.219.100.40
125,Frederigo,Alison,falison3g@go.com,Agender,168.167.221.218
126,Lorrie,Kalf,lkalf3h@guardian.co.uk,Male,230.165.202.76
127,Dukie,Frostdick,dfrostdick3i@princeton.edu,Male,144.159.180.162
128,Shir,Bonsul,sbonsul3j@ebay.com,Female,116.201.122.173
129,Nestor,Chastel,nchastel3k@youtube.com,Male,255.192.31.4
130,Tallie,Allonby,tallonby3l@theatlantic.com,Male,195.91.211.236
131,Farleigh,Brozsset,fbrozsset3m@epa.gov,Male,146.221.216.48
132,Shelba,Southworth,ssouthworth3n@salon.com,Female,132.139.159.218
133,Arlina,Headley,aheadley3o@indiegogo.com,Female,222.107.203.210
134,Amandie,Scorer,ascorer3p@npr.org,Female,39.205.220.82
135,Marris,Ivashin,mivashin3q@reddit.com,Polygender,106.1.121.197
136,Tiebout,Lardnar,tlardnar3r@google.co.uk,Male,231.214.185.127
137,Waldon,Klammt,wklammt3s@nyu.edu,Male,150.34.252.199
138,Ferrel,Wynes,fwynes3t@ustream.tv,Male,79.239.245.112
139,Horacio,McCrystal,hmccrystal3u@t-online.de,Male,204.186.176.216
140,Kristina,Medwell,kmedwell3v@rediff.com,Female,137.0.80.235
141,Alessandra,Scogings,ascogings3w@newyorker.com,Female,70.128.157.157
142,Rhianna,Deniskevich,rdeniskevich3x@lulu.com,Female,42.139.69.239
143,Aylmer,Broggio,abroggio3y@nba.com,Male,100.125.71.249
144,Ursulina,O'dell,uodell3z@yellowpages.com,Female,158.46.8.77
145,Oren,Gosnoll,ogosnoll40@twitter.com,Male,69.79.116.65
146,Ermengarde,O' Dooley,eodooley41@digg.com,Bigender,255.125.238.143
147,Filip,Arrundale,farrundale42@chicagotribune.com,Male,92.239.183.110
148,Rossie,Acres,racres43@cafepress.com,Genderfluid,0.40.193.48
149,Devinne,Bertholin,dbertholin44@utexas.edu,Female,24.174.79.3
150,Gail,Donson,gdonson45@ucsd.edu,Male,25.39.86.45
151,Kerri,Downse,kdownse46@phpbb.com,Female,108.249.153.6
152,Terrijo,Walsh,twalsh47@discuz.net,Female,205.0.55.166
153,Dael,Kluge,dkluge48@stanford.edu,Female,238.215.0.142
154,Ashley,Cordingly,acordingly49@forbes.com,Male,174.72.237.102
155,Darci,Duckham,dduckham4a@github.io,Female,209.144.14.10
156,Xever,Spawforth,xspawforth4b@paypal.com,Male,182.202.129.127
157,Zach,Sharpe,zsharpe4c@opensource.org,Polygender,227.132.112.123
158,Katerine,Pauley,kpauley4d@creativecommons.org,Female,142.197.113.8
159,Bendick,Bodocs,bbodocs4e@digg.com,Male,145.212.8.71
160,Ediva,Fydoe,efydoe4f@ifeng.com,Female,56.180.229.133
161,Whitney,Flieg,wflieg4g@patch.com,Male,112.56.70.115
162,Adriaens,Brauner,abrauner4h@webeden.co.uk,Female,228.79.215.26
163,Ardis,Kegg,akegg4i@army.mil,Female,85.12.90.27
164,Lari,Hammond,lhammond4j@examiner.com,Genderfluid,13.191.52.218
165,Brena,Caine,bcaine4k@spiegel.de,Female,60.151.110.34
166,Shanon,Blader,sblader4l@theglobeandmail.com,Female,122.169.27.233
167,Trixi,Patron,tpatron4m@livejournal.com,Female,22.184.160.80
168,Ianthe,Avrahamov,iavrahamov4n@photobucket.com,Female,136.245.52.179
169,Derry,Kas,dkas4o@ebay.com,Male,212.212.41.201
170,Andrea,Flood,aflood4p@nps.gov,Female,238.203.198.248
171,Fergus,Abrams,fabrams4q@technorati.com,Male,103.66.254.93
172,Vanny,Ingreda,vingreda4r@github.io,Female,100.135.227.87
173,Mina,MacSorley,mmacsorley4s@geocities.com,Bigender,192.140.194.98
174,Ker,Keer,kkeer4t@merriam-webster.com,Male,139.111.231.130
175,Blane,Moger,bmoger4u@yelp.com,Male,26.169.69.237
176,Willem,Jaulme,wjaulme4v@archive.org,Male,145.119.63.31
177,Nye,Lynthal,nlynthal4w@skyrock.com,Male,110.247.186.255
178,Lynnelle,Aimeric,laimeric4x@bbb.org,Female,42.183.10.60
179,Tiphani,Klaas,tklaas4y@google.pl,Female,65.183.126.241
180,Cathryn,Chatband,cchatband4z@bluehost.com,Female,124.120.22.196
181,Joyous,Mulmuray,jmulmuray50@example.com,Female,22.38.145.247
182,Iolanthe,Romaine,iromaine51@admin.ch,Female,226.206.227.21
183,Fanni,Goldstein,fgoldstein52@epa.gov,Female,0.53.134.235
184,Ange,Rosten,arosten53@ucoz.ru,Male,237.232.127.4
185,Loise,Costley,lcostley54@linkedin.com,Female,199.41.139.249
186,Pepito,Oakeshott,poakeshott55@sphinn.com,Male,57.204.2.181
187,Shermie,Maffin,smaffin56@cocolog-nifty.com,Male,76.239.209.105
188,Marabel,Bohl,mbohl57@livejournal.com,Female,21.198.252.209
189,Vina,Findlow,vfindlow58@shop-pro.jp,Female,113.96.236.47
190,Wakefield,Durtnall,wdurtnall59@bbb.org,Male,19.191.59.213
191,Bibbie,Ciccerale,bciccerale5a@arizona.edu,Polygender,104.254.112.199
192,Stanton,Torrie,storrie5b@fc2.com,Male,56.56.233.76
193,Anastasia,Lonie,alonie5c@cnet.com,Female,169.18.24.214
194,Bron,Kumar,bkumar5d@ycombinator.com,Male,204.182.116.180
195,Maureene,Chippindale,mchippindale5e@businessinsider.com,Female,218.136.123.36
196,Theo,Sleicht,tsleicht5f@hud.gov,Male,197.88.102.79
197,Othelia,Byllam,obyllam5g@wordpress.com,Non-binary,224.54.107.183
198,Terri-jo,Drewes,tdrewes5h@1688.com,Female,33.72.40.160
199,Lita,Dominec,ldominec5i@tuttocitta.it,Female,40.225.184.182
200,Jaynell,Horney,jhorney5j@fotki.com,Female,91.146.121.226
201,Shelli,Etty,setty5k@webmd.com,Female,143.213.134.125
202,Carena,Simonson,csimonson5l@theglobeandmail.com,Female,249.202.93.191
203,Englebert,Kiebes,ekiebes5m@xinhuanet.com,Male,120.177.143.75
204,Eldon,Brend,ebrend5n@trellian.com,Male,189.135.101.220
205,Cordi,Rival,crival5o@google.co.jp,Non-binary,87.242.41.114
206,Vaughn,Whiffin,vwhiffin5p@nbcnews.com,Male,59.69.211.221
207,Pooh,Wimpress,pwimpress5q@auda.org.au,Female,109.4.125.4
208,Aggi,Sevier,asevier5r@nhs.uk,Female,138.73.40.12
209,Starlene,Fishley,sfishley5s@wisc.edu,Female,218.199.202.84
210,Clayton,Shorter,cshorter5t@naver.com,Male,216.86.67.4
211,Benedick,Fawcus,bfawcus5u@t-online.de,Male,138.28.19.102
212,Neal,Dubery,ndubery5v@ning.com,Male,8.238.93.204
213,Roma,McGinlay,rmcginlay5w@google.fr,Male,13.252.41.124
214,Leif,Loomis,lloomis5x@addtoany.com,Male,156.187.252.73
215,Theodoric,Van de Castele,tvandecastele5y@google.ca,Male,138.253.244.145
216,Glynda,Galliard,ggalliard5z@t.co,Female,163.157.101.249
217,Lothario,Jorcke,ljorcke60@netscape.com,Genderfluid,113.192.70.134
218,Melody,Krikorian,mkrikorian61@simplemachines.org,Female,55.38.151.244
219,Oberon,Kitto,okitto62@paypal.com,Male,125.228.113.190
220,Valry,Kobieriecki,vkobieriecki63@ovh.net,Polygender,25.132.95.141
221,Marchall,Knowles,mknowles64@w3.org,Male,219.175.62.253
222,Sheilah,MacMaster,smacmaster65@ovh.net,Female,10.215.43.29
223,Ogdan,Oosthout de Vree,ooosthoutdevree66@imageshack.us,Male,101.21.249.125
224,Hildegaard,Beernaert,hbeernaert67@shutterfly.com,Female,161.116.170.201
225,Glennie,Messer,gmesser68@abc.net.au,Bigender,114.5.35.151
226,Ruperto,Martyn,rmartyn69@youtube.com,Male,204.246.73.140
227,Alonzo,Shacklady,ashacklady6a@chicagotribune.com,Male,27.209.69.1
228,Willie,Loan,wloan6b@redcross.org,Male,222.96.52.39
229,Daisi,Inskipp,dinskipp6c@mapy.cz,Female,77.79.180.19
230,Marjorie,Marcham,mmarcham6d@mysql.com,Female,107.216.53.67
231,Doro,Eadington,deadington6e@ucoz.com,Female,115.164.133.182
232,Lonny,Rontree,lrontree6f@de.vu,Male,11.187.137.152
233,Phyllis,Cornier,pcornier6g@mlb.com,Female,21.53.119.102
234,Read,Beadles,rbeadles6h@elpais.com,Male,241.61.33.211
235,Lindsey,Rockall,lrockall6i@webnode.com,Female,186.205.229.30
236,Deb,Durdy,ddurdy6j@bluehost.com,Polygender,198.58.233.66
237,Hastings,Casari,hcasari6k@alexa.com,Male,243.78.243.225
238,Guglielmo,Graysmark,ggraysmark6l@xinhuanet.com,Male,164.203.205.221
239,Romeo,Yurenev,ryurenev6m@issuu.com,Male,232.42.221.249
240,Arlette,Cray,acray6n@slate.com,Female,118.245.149.213
241,Brandon,Lambird,blambird6o@businesswire.com,Male,155.131.149.121
242,Thibaut,Baldetti,tbaldetti6p@wikimedia.org,Male,141.69.46.159
243,Happy,McGilmartin,hmcgilmartin6q@ameblo.jp,Female,183.202.246.11
244,Cathrine,Zorzin,czorzin6r@oracle.com,Female,112.105.245.69
245,Gregg,Cooper,gcooper6s@godaddy.com,Male,254.225.169.122
246,Davin,Hanlon,dhanlon6t@cdbaby.com,Male,185.236.118.41
247,Morris,Penketh,mpenketh6u@clickbank.net,Male,121.211.77.182
248,Emmalyn,Gourlay,egourlay6v@ox.ac.uk,Female,127.30.22.173
249,Clevey,O'Ruane,coruane6w@hp.com,Male,13.182.0.208
250,Cody,Fassan,cfassan6x@free.fr,Female,244.106.44.227
251,Chastity,Hully,chully6y@imdb.com,Female,97.0.123.64
252,Latisha,Tokell,ltokell6z@spotify.com,Female,147.190.216.59
253,Hazel,Shills,hshills70@umich.edu,Female,129.151.58.121
254,Reynard,Gadney,rgadney71@scribd.com,Male,163.61.115.191
255,Sterling,Hitter,shitter72@mysql.com,Male,23.250.194.42
256,Delainey,Unitt,dunitt73@ft.com,Male,199.67.89.241
257,Lanny,Gisby,lgisby74@oracle.com,Male,208.65.24.80
258,Kendra,Wittman,kwittman75@mashable.com,Female,90.109.89.139
259,Marc,Slogrove,mslogrove76@topsy.com,Male,252.241.83.136
260,Mano,Mapp,mmapp77@facebook.com,Male,2.134.159.78
261,Alair,Skippon,askippon78@stanford.edu,Male,107.223.30.208
262,Noell,Cooling,ncooling79@nhs.uk,Female,237.118.140.140
263,Isadore,Howatt,ihowatt7a@scribd.com,Male,201.14.36.101
264,Giulio,Hacksby,ghacksby7b@histats.com,Male,89.171.52.232
265,Tarrah,Wimbush,twimbush7c@php.net,Female,23.68.242.103
266,Hadrian,Detoc,hdetoc7d@istockphoto.com,Male,187.115.37.220
267,Harrison,Beak,hbeak7e@nps.gov,Male,74.201.150.41
268,Hube,De Zuani,hdezuani7f@columbia.edu,Male,239.126.235.3
269,Giffard,Flounders,gflounders7g@rediff.com,Male,170.183.177.171
270,Gregor,Chowne,gchowne7h@storify.com,Male,255.66.163.187
271,Roldan,Burhouse,rburhouse7i@discuz.net,Male,132.1.236.228
272,Daniela,Werrilow,dwerrilow7j@moonfruit.com,Female,10.8.63.27
273,Glori,Treleaven,gtreleaven7k@pen.io,Female,144.105.122.19
274,Dino,Knapton,dknapton7l@ted.com,Male,44.91.124.225
275,Marilee,De Francesco,mdefrancesco7m@cdc.gov,Female,46.147.200.130
276,Francesco,Wybrew,fwybrew7n@paypal.com,Male,83.35.109.54
277,Adelheid,Havard,ahavard7o@nhs.uk,Female,26.153.70.130
278,Arline,McCuffie,amccuffie7p@google.fr,Female,11.99.35.52
279,Welby,Sandry,wsandry7q@barnesandnoble.com,Male,201.76.22.47
280,Fidela,Defont,fdefont7r@ameblo.jp,Female,155.165.83.203
281,Willie,Howard - Gater,whowardgater7s@chron.com,Polygender,6.56.171.92
282,Deidre,McAllester,dmcallester7t@ox.ac.uk,Female,72.190.221.128
283,Felice,Mulberry,fmulberry7u@comcast.net,Male,95.61.255.127
284,Andie,Cardenosa,acardenosa7v@infoseek.co.jp,Male,216.188.152.160
285,Ramsey,Smees,rsmees7w@mediafire.com,Male,86.37.117.56
286,Bryna,Dimitriades,bdimitriades7x@buzzfeed.com,Female,219.254.237.161
287,Kial,Jorat,kjorat7y@bandcamp.com,Female,144.60.233.54
288,Melisse,Gemelli,mgemelli7z@youtu.be,Female,237.87.26.142
289,Scotty,Raybould,sraybould80@nba.com,Male,195.105.36.165
290,Kit,Corbert,kcorbert81@dmoz.org,Female,250.66.128.61
291,Kate,Issard,kissard82@instagram.com,Female,171.101.190.222
292,Alverta,Netti,anetti83@wsj.com,Female,171.199.183.117
293,Dietrich,MacFarland,dmacfarland84@cyberchimps.com,Male,48.191.232.81
294,Darill,Scardefield,dscardefield85@globo.com,Male,66.223.126.164
295,Flory,Abrahart,fabrahart86@time.com,Female,240.105.228.1
296,Adan,Bentham,abentham87@biblegateway.com,Female,200.10.27.48
297,Rafaello,Opdenort,ropdenort88@europa.eu,Male,123.106.221.4
298,Angil,Hiddersley,ahiddersley89@youku.com,Female,199.154.77.31
299,Joly,Kopf,jkopf8a@exblog.jp,Female,103.190.2.107
300,Mortie,Condliffe,mcondliffe8b@cyberchimps.com,Male,164.54.99.209
301,Clem,Ellaway,cellaway8c@indiegogo.com,Male,36.63.214.161
302,Alfred,Reddington,areddington8d@yellowpages.com,Male,114.110.57.128
303,Jethro,Mowett,jmowett8e@auda.org.au,Male,159.113.87.186
304,Alexia,Rosle,arosle8f@over-blog.com,Female,33.12.239.168
305,Massimo,Doni,mdoni8g@acquirethisname.com,Male,159.182.215.77
306,Feliza,Gudgeon,fgudgeon8h@parallels.com,Agender,162.231.120.12
307,Pryce,Dunnet,pdunnet8i@ycombinator.com,Male,67.250.182.90
308,Elvina,Shenton,eshenton8j@gov.uk,Female,216.177.154.247
309,Sibelle,Dowry,sdowry8k@archive.org,Female,146.203.51.37
310,Rickert,Load,rload8l@scientificamerican.com,Male,203.23.197.208
311,Claudian,Matasov,cmatasov8m@businessweek.com,Male,204.142.193.107
312,Freemon,Bulle,fbulle8n@google.com,Male,82.15.119.186
313,Nancey,Delmage,ndelmage8o@sphinn.com,Female,142.236.155.47
314,Karyl,Lates,klates8p@etsy.com,Female,98.144.100.159
315,Starr,Paal,spaal8q@goo.ne.jp,Female,1.214.250.14
316,Emmy,Meynell,emeynell8r@dedecms.com,Male,48.39.10.66
317,Egbert,Ravilious,eravilious8s@sciencedirect.com,Male,165.226.111.164
318,Blinny,Oneill,boneill8t@weebly.com,Female,157.147.240.156
319,Meryl,Hugonneau,mhugonneau8u@mail.ru,Male,194.73.121.183
320,Bria,Kingdon,bkingdon8v@t-online.de,Female,35.175.219.205
321,Derward,Wedlock,dwedlock8w@foxnews.com,Male,179.4.129.0
322,Nealson,Humfrey,nhumfrey8x@icio.us,Male,65.207.19.26
323,Benjy,Eastes,beastes8y@sciencedirect.com,Male,239.107.215.239
324,Pollyanna,Pautot,ppautot8z@last.fm,Female,226.40.36.16
325,Cassy,Hoofe,choofe90@marriott.com,Female,54.127.12.233
326,Mel,Rotham,mrotham91@issuu.com,Male,180.175.222.175
327,Rasia,Palley,rpalley92@hp.com,Female,20.147.27.70
328,Willy,Pull,wpull93@webmd.com,Male,4.96.229.34
329,Ken,Decort,kdecort94@skyrock.com,Male,177.51.164.129
330,Dorena,Beard,dbeard95@umn.edu,Female,191.129.11.231
331,Brinn,Gilfoyle,bgilfoyle96@symantec.com,Polygender,3.66.220.69
332,Vivie,Tinner,vtinner97@dedecms.com,Agender,4.82.73.3
333,Lottie,Coverly,lcoverly98@mtv.com,Female,89.216.183.20
334,Paule,Peattie,ppeattie99@cmu.edu,Female,163.199.167.51
335,Pavlov,Rimell,primell9a@nsw.gov.au,Male,146.236.120.132
336,Dorothy,Dumbreck,ddumbreck9b@cam.ac.uk,Female,27.17.33.87
337,Chloe,Argont,cargont9c@thetimes.co.uk,Genderfluid,207.32.182.85
338,Grace,Spinley,gspinley9d@wikia.com,Male,240.37.62.232
339,Korey,Turnbull,kturnbull9e@gmpg.org,Male,44.3.60.15
340,Hayward,Rushworth,hrushworth9f@theguardian.com,Agender,120.194.188.250
341,Humphrey,Summerlee,hsummerlee9g@berkeley.edu,Male,20.32.162.78
342,Decca,Ciepluch,dciepluch9h@cloudflare.com,Male,7.5.10.162
343,Karney,Ondra,kondra9i@vistaprint.com,Polygender,127.51.141.180
344,Starr,Lattos,slattos9j@altervista.org,Female,169.136.185.160
345,Robinetta,McBrearty,rmcbrearty9k@prlog.org,Female,44.78.186.104
346,Natka,Hilling,nhilling9l@hostgator.com,Female,165.164.181.151
347,Ab,Evequot,aevequot9m@nsw.gov.au,Male,223.57.114.23
348,Albrecht,Blucher,ablucher9n@globo.com,Male,252.7.15.14
349,Carrissa,Cloy,ccloy9o@sohu.com,Female,161.21.232.15
350,Huey,Storrock,hstorrock9p@51.la,Male,219.47.225.210
351,Georgie,Cunnington,gcunnington9q@independent.co.uk,Female,245.228.204.157
352,Mora,Pirie,mpirie9r@reverbnation.com,Female,49.53.135.2
353,Mackenzie,Biaggi,mbiaggi9s@japanpost.jp,Male,171.86.200.32
354,Ardeen,Kimberley,akimberley9t@hhs.gov,Female,91.137.220.113
355,Giorgio,Kitchenham,gkitchenham9u@biglobe.ne.jp,Male,169.83.29.255
356,Rozina,Prando,rprando9v@army.mil,Female,11.193.199.216
357,Liva,Soar,lsoar9w@techcrunch.com,Female,164.57.215.13
358,Glenda,Weben,gweben9x@purevolume.com,Female,5.239.0.242
359,Laure,MacAlinden,lmacalinden9y@lycos.com,Female,151.29.14.164
360,Georgette,Piris,gpiris9z@arizona.edu,Female,67.184.65.200
361,Dorie,Fardoe,dfardoea0@amazon.co.jp,Female,203.188.203.31
362,Prentiss,Vynall,pvynalla1@salon.com,Male,70.142.75.240
363,Lauralee,Blackadder,lblackaddera2@parallels.com,Female,40.138.21.45
364,Helaine,Newband,hnewbanda3@sakura.ne.jp,Female,62.172.228.225
365,Tomasina,Markel,tmarkela4@netscape.com,Genderqueer,164.8.93.180
366,Jerrie,Stearndale,jstearndalea5@china.com.cn,Female,50.250.162.173
367,Lemmy,Prydden,lpryddena6@google.co.uk,Male,142.187.184.3
368,Aurlie,Aleksich,aaleksicha7@time.com,Female,203.245.180.31
369,Kim,Carrabot,kcarrabota8@cyberchimps.com,Female,112.101.62.217
370,Price,Summerell,psummerella9@slashdot.org,Male,46.35.70.48
371,Gaye,Calladine,gcalladineaa@wikispaces.com,Non-binary,26.86.12.78
372,Cassondra,Stedmond,cstedmondab@dailymail.co.uk,Female,212.14.5.128
373,Corrianne,Helm,chelmac@cocolog-nifty.com,Female,119.172.19.249
374,Jeff,Everall,jeverallad@cmu.edu,Male,189.196.130.219
375,Thorn,Dismore,tdismoreae@sourceforge.net,Male,220.42.242.222
376,Penny,Prettyjohn,pprettyjohnaf@opera.com,Female,234.141.96.27
377,Shelia,Doeg,sdoegag@storify.com,Female,201.21.196.231
378,Ilise,Orcott,iorcottah@apache.org,Female,238.210.12.104
379,Angelina,Leppington,aleppingtonai@list-manage.com,Female,75.66.58.203
380,Horatio,Pischoff,hpischoffaj@nature.com,Male,73.228.199.98
381,Charita,Nuzzi,cnuzziak@privacy.gov.au,Female,231.202.65.0
382,Neddy,Persey,nperseyal@creativecommons.org,Male,25.225.225.145
383,Gunther,Beevens,gbeevensam@hubpages.com,Male,43.125.237.150
384,Leona,Eagleton,leagletonan@usa.gov,Female,162.227.53.85
385,Koo,Doy,kdoyao@cocolog-nifty.com,Female,113.93.95.134
386,Cherice,Roches,crochesap@google.com,Female,207.203.200.143
387,Arnuad,Shearmer,ashearmeraq@spotify.com,Male,106.64.83.96
388,Sigismondo,Warricker,swarrickerar@mozilla.com,Male,191.117.68.112
389,Geri,McGougan,gmcgouganas@hubpages.com,Male,230.202.143.249
390,Packston,Flori,pfloriat@posterous.com,Male,179.10.252.202
391,Dorie,Martlew,dmartlewau@admin.ch,Male,63.225.46.141
392,Adrian,Jobern,ajobernav@imageshack.us,Female,211.204.244.61
393,Glad,Blakelock,gblakelockaw@msu.edu,Female,164.133.242.113
394,Paco,Faircliff,pfaircliffax@usa.gov,Male,33.168.132.222
395,Peggi,Tomet,ptometay@hugedomains.com,Female,244.49.41.167
396,Welbie,Wraight,wwraightaz@va.gov,Male,77.20.111.102
397,Suzanne,Surgison,ssurgisonb0@homestead.com,Female,65.62.113.199
398,Iris,Agronski,iagronskib1@goo.gl,Female,191.43.141.254
399,Devi,Agass,dagassb2@opera.com,Female,190.183.106.46
400,Bebe,Desantis,bdesantisb3@bizjournals.com,Female,115.215.73.18
401,Kerry,Sergant,ksergantb4@bigcartel.com,Female,106.147.116.21
402,Valerye,McCreery,vmccreeryb5@meetup.com,Female,23.78.195.255
403,Hubey,Milmoe,hmilmoeb6@mozilla.com,Male,172.180.96.61
404,Stan,Massie,smassieb7@angelfire.com,Male,47.248.31.37
405,Morgan,Poore,mpooreb8@stumbleupon.com,Male,234.116.206.100
406,Papageno,Yeeles,pyeelesb9@whitehouse.gov,Male,187.12.255.48
407,Malinda,Eatttok,meatttokba@artisteer.com,Female,80.157.255.73
408,Harwell,Gibbins,hgibbinsbb@go.com,Male,116.59.133.108
409,Shandra,Beldham,sbeldhambc@nymag.com,Female,223.14.168.27
410,Weider,Geyton,wgeytonbd@blog.com,Male,148.96.12.220
411,Kath,North,knorthbe@huffingtonpost.com,Bigender,100.37.194.45
412,Wells,Jocelyn,wjocelynbf@buzzfeed.com,Male,169.227.164.68
413,Manfred,Lemmen,mlemmenbg@delicious.com,Male,194.135.61.134
414,Valentin,Ellingworth,vellingworthbh@bing.com,Male,136.142.98.176
415,Windham,Swindle,wswindlebi@imdb.com,Male,243.119.218.90
416,Madalyn,McKeggie,mmckeggiebj@cbsnews.com,Female,32.134.217.226
417,Payton,Andrick,pandrickbk@google.pl,Male,229.253.38.75
418,Trev,Dominici,tdominicibl@discuz.net,Male,11.182.51.16
419,Sauncho,Riggert,sriggertbm@usnews.com,Male,215.36.197.85
420,Quinton,Franses,qfransesbn@newyorker.com,Male,226.189.216.77
421,Lidia,Stopforth,lstopforthbo@indiatimes.com,Female,228.25.48.30
422,Dorena,Jakubovicz,djakuboviczbp@google.com.br,Female,151.67.182.111
423,Guy,Noyce,gnoycebq@technorati.com,Male,204.254.225.123
424,Rhody,Wyper,rwyperbr@geocities.jp,Female,29.119.104.164
425,Lorilyn,Androlli,landrollibs@wordpress.com,Female,90.202.181.113
426,Byrom,Rubinlicht,brubinlichtbt@symantec.com,Male,163.197.235.120
427,Harriette,Epp,heppbu@upenn.edu,Female,221.218.244.240
428,Monro,Charlewood,mcharlewoodbv@reddit.com,Male,192.199.0.179
429,Ingmar,Marrow,imarrowbw@who.int,Male,8.53.132.68
430,Aleen,Vanshin,avanshinbx@jimdo.com,Female,89.142.253.86
431,Stoddard,Garces,sgarcesby@devhub.com,Female,117.246.169.49
432,Reinhard,Jecks,rjecksbz@businessweek.com,Male,33.141.161.228
433,Faina,Anthoney,fanthoneyc0@lycos.com,Female,242.192.36.111
434,Sallee,Noblet,snobletc1@paypal.com,Female,170.211.42.42
435,Waneta,Masters,wmastersc2@usgs.gov,Female,172.99.252.139
436,Emmalynne,Soots,esootsc3@archive.org,Female,75.249.222.198
437,Estell,Tumioto,etumiotoc4@purevolume.com,Female,52.177.68.190
438,Chantalle,Westoff,cwestoffc5@cargocollective.com,Non-binary,184.26.14.184
439,Violetta,Derr,vderrc6@theglobeandmail.com,Female,67.198.61.194
440,Lula,Anselm,lanselmc7@narod.ru,Female,41.67.146.111
441,Britt,Parslow,bparslowc8@mysql.com,Female,217.165.135.96
442,Alessandro,Stiling,astilingc9@cyberchimps.com,Male,47.75.0.123
443,Dael,Coucher,dcoucherca@scientificamerican.com,Female,24.58.237.254
444,Lanna,Darrington,ldarringtoncb@ed.gov,Female,123.95.57.31
445,Geri,Eason,geasoncc@stumbleupon.com,Male,59.88.118.121
446,Lola,Spender,lspendercd@goo.ne.jp,Female,185.95.130.146
447,Min,Frankland,mfranklandce@berkeley.edu,Female,221.253.166.177
448,Dyanne,Stowell,dstowellcf@un.org,Female,191.111.188.250
449,Malcolm,Lusgdin,mlusgdincg@baidu.com,Male,211.227.173.38
450,Emanuele,Pittway,epittwaych@naver.com,Male,247.128.188.184
451,Nial,Jancey,njanceyci@msn.com,Male,227.49.72.186
452,Allard,Pudding,apuddingcj@gov.uk,Male,197.135.70.94
453,Wayne,Argile,wargileck@ezinearticles.com,Male,93.238.117.202
454,Rosalie,Aleksahkin,raleksahkincl@nasa.gov,Female,114.31.203.126
455,Garek,Carman,gcarmancm@oakley.com,Male,43.4.244.140
456,Margret,Bagshaw,mbagshawcn@ocn.ne.jp,Female,76.84.16.79
457,Anett,Hecks,ahecksco@reddit.com,Female,164.83.52.93
458,Kiah,Gerrell,kgerrellcp@google.ca,Female,13.28.156.125
459,Nefen,Ormerod,normerodcq@ted.com,Male,90.117.34.158
460,Dun,Ivankin,divankincr@reuters.com,Male,213.60.246.29
461,Doro,Sappy,dsappycs@artisteer.com,Female,228.57.211.43
462,Stacee,Wesgate,swesgatect@cbsnews.com,Female,77.102.192.152
463,Donn,Everingham,deveringhamcu@privacy.gov.au,Male,126.62.130.127
464,Rip,Vannuchi,rvannuchicv@biblegateway.com,Male,114.59.85.159
465,Giulia,Gaywood,ggaywoodcw@ustream.tv,Female,68.254.225.42
466,Winn,Bloom,wbloomcx@oracle.com,Male,48.105.205.254
467,Wye,Gianilli,wgianillicy@cpanel.net,Male,133.132.13.154
468,Winna,Minchinton,wminchintoncz@prnewswire.com,Female,164.17.40.38
469,Ellette,Krzysztof,ekrzysztofd0@oracle.com,Female,6.251.201.200
470,Osbourn,Crummie,ocrummied1@wunderground.com,Male,118.97.210.137
471,Thelma,Dowyer,tdowyerd2@senate.gov,Female,203.42.177.234
472,Palm,Gookey,pgookeyd3@unblog.fr,Male,53.155.109.79
473,Alane,Donaghie,adonaghied4@buzzfeed.com,Female,120.122.205.202
474,Hyacinthie,January,hjanuaryd5@huffingtonpost.com,Female,124.173.66.230
475,Durante,Starsmore,dstarsmored6@census.gov,Male,48.195.12.87
476,Glenda,Finden,gfindend7@hc360.com,Female,34.178.56.108
477,Brandise,Murtimer,bmurtimerd8@opensource.org,Female,69.182.233.110
478,Jervis,Crowcher,jcrowcherd9@zdnet.com,Male,220.10.29.52
479,Brigham,Lutsch,blutschda@tuttocitta.it,Bigender,75.91.107.130
480,Grady,Tolcharde,gtolchardedb@cam.ac.uk,Male,86.215.181.21
481,Row,Kiely,rkielydc@businesswire.com,Female,173.93.176.248
482,Minnnie,Thicking,mthickingdd@arstechnica.com,Genderfluid,160.102.227.212
483,Tabb,Shynn,tshynnde@deliciousdays.com,Male,162.250.182.154
484,Edee,Whiteman,ewhitemandf@elpais.com,Female,37.253.5.202
485,Lazaro,Wilman,lwilmandg@slate.com,Bigender,216.235.57.141
486,Stanfield,Cuberley,scuberleydh@bing.com,Male,75.8.118.145
487,Cathlene,Balhatchet,cbalhatchetdi@omniture.com,Polygender,22.21.163.201
488,Aloisia,Limrick,alimrickdj@jalbum.net,Female,67.193.79.180
489,Jenny,Whissell,jwhisselldk@sbwire.com,Female,113.58.255.187
490,Malynda,Meindl,mmeindldl@furl.net,Female,229.38.25.61
491,Lannie,Marney,lmarneydm@china.com.cn,Male,21.172.30.46
492,Osgood,Emerson,oemersondn@ucla.edu,Male,84.51.65.28
493,Tobey,Kingett,tkingettdo@123-reg.co.uk,Genderqueer,131.67.35.132
494,Eachelle,Conkey,econkeydp@apple.com,Genderfluid,2.135.120.174
495,Ethel,Siemianowicz,esiemianowiczdq@infoseek.co.jp,Female,51.98.248.119
496,Brice,Stickland,bsticklanddr@constantcontact.com,Male,237.43.20.27
497,Sampson,Marrington,smarringtonds@surveymonkey.com,Male,154.187.117.207
498,Jolene,McLemon,jmclemondt@scientificamerican.com,Female,111.72.224.245
499,Emmeline,Stilgoe,estilgoedu@vimeo.com,Female,216.123.89.234
500,Gretchen,Ord,gorddv@seattletimes.com,Female,132.143.8.19
501,Giuditta,Hugonet,ghugonetdw@businesswire.com,Female,203.233.183.153
502,Van,Fatscher,vfatscherdx@mayoclinic.com,Agender,58.210.98.222
503,Graeme,Rawcliffe,grawcliffedy@exblog.jp,Male,247.54.173.161
504,Chelsea,Pummell,cpummelldz@privacy.gov.au,Bigender,208.203.105.178
505,Parker,Pinks,ppinkse0@bizjournals.com,Male,167.50.188.79
506,Karlis,Phoebe,kphoebee1@foxnews.com,Male,128.41.124.146
507,Clare,De Anesy,cdeanesye2@printfriendly.com,Male,251.248.113.95
508,Karlyn,Canete,kcanetee3@engadget.com,Female,115.247.101.233
509,Adella,Folk,afolke4@nih.gov,Agender,53.88.40.131
510,Chloris,Bickley,cbickleye5@fema.gov,Female,15.76.47.239
511,Merrick,Mugglestone,mmugglestonee6@scientificamerican.com,Male,92.103.88.222
512,Bartram,Drivers,bdriverse7@independent.co.uk,Male,21.226.43.62
513,Halley,Thames,hthamese8@github.com,Female,171.244.197.36
514,Geoffrey,Wethey,gwetheye9@tinypic.com,Polygender,226.117.93.203
515,Philipa,Eacle,peacleea@hugedomains.com,Female,214.178.112.195
516,Sherie,Geydon,sgeydoneb@pbs.org,Female,209.51.154.39
517,Melosa,Cowpland,mcowplandec@wikipedia.org,Female,162.111.56.240
518,Fancy,Jefferies,fjefferiesed@elpais.com,Female,126.196.174.20
519,Andris,Quinney,aquinneyee@cyberchimps.com,Male,170.149.100.225
520,Georas,Meecher,gmeecheref@google.nl,Male,58.223.180.238
521,Maynord,Flannigan,mflanniganeg@pinterest.com,Male,208.82.48.168
522,Tedmund,Felton,tfeltoneh@photobucket.com,Male,34.30.39.19
523,Chucho,Currom,ccurromei@dion.ne.jp,Male,133.74.7.191
524,Geri,Braney,gbraneyej@lulu.com,Male,246.161.183.109
525,Rudie,Cours,rcoursek@admin.ch,Male,230.50.74.161
526,Geralda,McNeely,gmcneelyel@intel.com,Female,70.80.190.83
527,Dael,Blofeld,dblofeldem@facebook.com,Female,151.19.189.143
528,Kelley,McIlwraith,kmcilwraithen@stumbleupon.com,Male,223.144.240.43
529,Octavia,Davidek,odavidekeo@fastcompany.com,Female,10.1.105.230
530,Conny,Torrese,ctorreseep@istockphoto.com,Female,132.86.248.55
531,Brittaney,Densell,bdenselleq@1und1.de,Female,87.37.84.202
532,Kaleena,Jamrowicz,kjamrowiczer@aol.com,Female,5.218.204.214
533,Natividad,Lakin,nlakines@washingtonpost.com,Female,242.254.233.136
534,Imelda,Gotch,igotchet@virginia.edu,Female,59.178.236.142
535,Cammy,McGirl,cmcgirleu@bing.com,Female,25.230.208.94
536,Bianka,Bunney,bbunneyev@google.fr,Female,189.2.128.164
537,Cornela,Dunham,cdunhamew@amazon.co.jp,Female,106.135.171.72
538,April,Sharpley,asharpleyex@sitemeter.com,Female,243.153.81.212
539,Zed,Levy,zlevyey@elegantthemes.com,Male,217.48.54.230
540,Morgan,Nason,mnasonez@dyndns.org,Male,96.74.54.106
541,Dru,Cortese,dcortesef0@tinyurl.com,Female,23.59.124.69
542,Blane,Lundon,blundonf1@jiathis.com,Male,95.147.81.91
543,Anneliese,Kerbler,akerblerf2@ca.gov,Female,225.87.132.175
544,Misti,Kirkman,mkirkmanf3@answers.com,Female,84.63.145.168
545,Jaime,Sieve,jsievef4@nytimes.com,Female,150.209.74.92
546,Ozzy,Bernadzki,obernadzkif5@360.cn,Male,103.235.80.154
547,Rosabella,Skurray,rskurrayf6@i2i.jp,Female,53.249.234.163
548,Delia,Arnke,darnkef7@vinaora.com,Female,156.126.48.46
549,Sheeree,Finder,sfinderf8@examiner.com,Female,241.55.190.61
550,Debee,Snuggs,dsnuggsf9@scientificamerican.com,Female,23.13.103.4
551,Bjorn,Merriday,bmerridayfa@blogs.com,Male,192.151.73.48
552,Rowan,Wellstood,rwellstoodfb@irs.gov,Male,126.241.0.210
553,Todd,Downer,tdownerfc@salon.com,Male,131.112.168.183
554,Sidoney,Haddrill,shaddrillfd@shop-pro.jp,Bigender,211.188.193.122
555,Corabella,Goddert.sf,cgoddertsffe@livejournal.com,Female,190.178.129.195
556,Bernie,Ninnis,bninnisff@tumblr.com,Male,42.209.16.96
557,Jaine,Prandin,jprandinfg@yellowpages.com,Female,106.36.206.33
558,Brooke,Syder,bsyderfh@printfriendly.com,Female,235.152.237.185
559,Burnard,Roman,bromanfi@zimbio.com,Male,244.2.106.117
560,Richie,Merriman,rmerrimanfj@networkadvertising.org,Male,221.205.253.158
561,Beitris,Jovanovic,bjovanovicfk@smugmug.com,Female,90.93.91.113
562,Jessamyn,Maciejewski,jmaciejewskifl@sitemeter.com,Female,193.217.140.8
563,Winslow,Clemerson,wclemersonfm@diigo.com,Male,59.83.43.101
564,Bridie,Hazlehurst,bhazlehurstfn@merriam-webster.com,Female,44.145.178.141
565,Merl,Stockings,mstockingsfo@gnu.org,Female,76.229.76.219
566,Sebastien,Guisby,sguisbyfp@chicagotribune.com,Male,247.163.145.188
567,Moreen,Sandbrook,msandbrookfq@ox.ac.uk,Female,94.46.181.124
568,Tawsha,Klimuk,tklimukfr@myspace.com,Female,85.36.103.105
569,Luigi,Neames,lneamesfs@accuweather.com,Male,41.118.164.88
570,Janel,Sabati,jsabatift@howstuffworks.com,Female,250.107.10.159
571,Andonis,Teissier,ateissierfu@studiopress.com,Male,86.47.235.12
572,Nikolai,Lunnon,nlunnonfv@slate.com,Male,28.222.37.234
573,Lyell,Onians,loniansfw@ucla.edu,Agender,50.186.14.211
574,Carr,Smeal,csmealfx@angelfire.com,Male,114.146.18.69
575,Carly,Thumim,cthumimfy@hatena.ne.jp,Male,165.191.248.52
576,Marvin,Leworthy,mleworthyfz@furl.net,Male,85.221.94.200
577,Casie,Barber,cbarberg0@seesaa.net,Female,3.51.165.131
578,Edgardo,Axworthy,eaxworthyg1@mapy.cz,Male,238.151.239.255
579,Marys,Vest,mvestg2@w3.org,Female,76.243.243.14
580,Quillan,Aleixo,qaleixog3@salon.com,Male,25.3.220.150
581,Eolanda,Fonte,efonteg4@a8.net,Female,33.214.143.240
582,Constantin,Hughman,chughmang5@tiny.cc,Male,186.56.97.23
583,Marti,Southby,msouthbyg6@census.gov,Female,116.228.57.29
584,Chelsae,Wressell,cwressellg7@skyrock.com,Female,200.235.230.28
585,Reider,Hubach,rhubachg8@oaic.gov.au,Male,157.29.251.57
586,Agnella,Kingsley,akingsleyg9@wikimedia.org,Female,49.250.34.238
587,Justine,Naulls,jnaullsga@ihg.com,Polygender,238.42.1.159
588,Frank,Daubney,fdaubneygb@yellowpages.com,Male,208.108.49.240
589,Hyatt,Naseby,hnasebygc@miibeian.gov.cn,Male,47.86.111.146
590,Bern,Kohler,bkohlergd@nytimes.com,Male,232.2.118.109
591,Burch,Gumbrell,bgumbrellge@cmu.edu,Male,31.1.83.190
592,Dun,Bette,dbettegf@xinhuanet.com,Male,202.70.40.197
593,Rod,Schiementz,rschiementzgg@amazon.co.jp,Male,131.201.76.111
594,Darb,Faldo,dfaldogh@netscape.com,Male,219.165.10.231
595,Aline,Bourdel,abourdelgi@china.com.cn,Female,25.246.251.232
596,Mickie,Enever,menevergj@cnet.com,Bigender,74.117.136.152
597,Moshe,Quoit,mquoitgk@alibaba.com,Male,189.54.82.210
598,Terrell,Corkan,tcorkangl@bizjournals.com,Male,40.169.17.149
599,Lurlene,Sporgeon,lsporgeongm@flavors.me,Female,88.67.222.16
600,Berky,Rylstone,brylstonegn@omniture.com,Male,57.153.16.216
601,Zebadiah,Tovey,ztoveygo@miitbeian.gov.cn,Male,130.45.120.117
602,Kris,Drakeford,kdrakefordgp@cbslocal.com,Male,47.81.108.151
603,Elmo,Astbury,eastburygq@japanpost.jp,Male,148.52.116.101
604,Cathee,Hofton,choftongr@linkedin.com,Female,74.125.86.106
605,Blondie,Brandli,bbrandligs@e-recht24.de,Female,234.212.129.233
606,Ansell,Orrow,aorrowgt@ning.com,Male,230.236.46.88
607,Lauri,Llop,lllopgu@baidu.com,Female,44.98.19.110
608,Wynn,Ferras,wferrasgv@cbsnews.com,Female,72.213.81.133
609,Trumaine,Lepope,tlepopegw@loc.gov,Male,9.217.147.71
610,Dylan,Stollard,dstollardgx@blinklist.com,Male,241.139.50.207
611,Lolly,Charrett,lcharrettgy@wunderground.com,Female,47.201.7.122
612,Wesley,Ollarenshaw,wollarenshawgz@merriam-webster.com,Male,2.201.176.34
613,Marne,Slot,msloth0@abc.net.au,Female,59.145.103.90
614,Emily,Mathewes,emathewesh1@g.co,Female,141.180.164.239
615,Yolande,Ovell,yovellh2@shareasale.com,Female,13.181.173.111
616,Jacquenette,Risom,jrisomh3@google.co.uk,Female,97.150.32.42
617,Emalia,Deporte,edeporteh4@google.es,Female,232.92.174.65
618,Tallie,Kirton,tkirtonh5@pbs.org,Male,59.252.181.47
619,Lynnet,Skoate,lskoateh6@yellowbook.com,Female,165.80.205.48
620,Grete,Mandrake,gmandrakeh7@mashable.com,Female,146.232.41.126
621,Isidora,Skottle,iskottleh8@live.com,Female,167.128.168.101
622,Gaylor,Bruni,gbrunih9@addtoany.com,Male,238.237.128.77
623,Gonzalo,McLarnon,gmclarnonha@wordpress.org,Male,46.22.32.136
624,Herbert,Mathe,hmathehb@t-online.de,Male,132.103.168.220
625,Kelly,Paddie,kpaddiehc@wisc.edu,Male,67.233.213.239
626,Mitchael,Gilliam,mgilliamhd@naver.com,Male,126.161.191.159
627,Bradney,Plues,bplueshe@soup.io,Genderfluid,81.161.82.255
628,Peder,Crossley,pcrossleyhf@newsvine.com,Male,247.97.7.240
629,Hurlee,Cremen,hcremenhg@pcworld.com,Male,241.247.229.227
630,Mel,Gingel,mgingelhh@auda.org.au,Non-binary,237.168.163.180
631,Randy,Scoggins,rscogginshi@hao123.com,Polygender,73.30.193.237
632,Dolly,Meron,dmeronhj@php.net,Female,72.61.164.92
633,Carolina,Forlonge,cforlongehk@prlog.org,Female,153.84.186.45
634,Raimund,Neat,rneathl@vkontakte.ru,Male,175.129.152.222
635,Chlo,Mc Caghan,cmccaghanhm@soundcloud.com,Female,103.191.179.172
636,Smith,De Vaux,sdevauxhn@icq.com,Male,189.8.65.145
637,Orelle,Beatson,obeatsonho@hud.gov,Female,234.118.17.152
638,Trixy,Learoyde,tlearoydehp@facebook.com,Female,249.79.137.143
639,Derron,Margiotta,dmargiottahq@google.com.au,Male,78.175.103.54
640,Felicity,Mannie,fmanniehr@techcrunch.com,Female,89.175.162.71
641,Damien,Fitzroy,dfitzroyhs@bbc.co.uk,Male,59.149.91.222
642,Ralf,Sheddan,rsheddanht@gnu.org,Male,117.36.192.113
643,Alysa,Weyland,aweylandhu@bloomberg.com,Female,249.69.180.178
644,Colet,Whitehead,cwhiteheadhv@craigslist.org,Male,2.23.108.242
645,Corbin,Lathwood,clathwoodhw@xing.com,Agender,103.210.75.59
646,Lars,Caldicott,lcaldicotthx@phpbb.com,Male,72.104.85.163
647,Zebulon,Redemile,zredemilehy@washingtonpost.com,Male,198.159.41.246
648,Fonsie,Gilbart,fgilbarthz@shop-pro.jp,Male,249.194.211.151
649,Priscilla,Toll,ptolli0@usgs.gov,Female,140.118.83.47
650,Konstantine,D'Alesco,kdalescoi1@soup.io,Male,129.15.128.99
651,Estel,Chillingworth,echillingworthi2@bbc.co.uk,Female,19.67.56.91
652,Anatollo,Garroch,agarrochi3@nytimes.com,Genderqueer,245.137.5.106
653,Clarke,Gligoraci,cgligoracii4@msn.com,Male,85.169.43.9
654,Mozes,Siemons,msiemonsi5@chronoengine.com,Genderqueer,4.153.199.244
655,Cameron,Wahner,cwahneri6@nyu.edu,Male,106.99.250.42
656,Tedmund,Cruxton,tcruxtoni7@nature.com,Male,250.72.241.93
657,Sybyl,Cotterell,scotterelli8@youku.com,Female,252.224.104.147
658,Rudolfo,Jurek,rjureki9@japanpost.jp,Male,85.193.235.71
659,Julita,Milksop,jmilksopia@flavors.me,Female,1.154.233.222
660,Sander,Milham,smilhamib@naver.com,Male,223.13.71.169
661,Dorolisa,Busse,dbusseic@tripadvisor.com,Female,28.239.81.141
662,Angie,Ilem,ailemid@naver.com,Male,10.215.134.111
663,Raven,Ginger,rgingerie@omniture.com,Female,253.252.72.180
664,Kameko,Tyrwhitt,ktyrwhittif@dot.gov,Female,134.72.218.36
665,Bette,Domenicone,bdomeniconeig@delicious.com,Female,121.70.108.216
666,Breanne,Boggs,bboggsih@ow.ly,Female,113.242.105.253
667,Meridith,Laudham,mlaudhamii@sfgate.com,Genderqueer,185.102.236.50
668,Marice,Lowdwell,mlowdwellij@gnu.org,Female,106.201.60.14
669,Chip,Spinige,cspinigeik@arstechnica.com,Male,156.205.135.110
670,Britni,Deal,bdealil@xing.com,Female,37.37.68.70
671,Antonietta,Beyne,abeyneim@blog.com,Female,122.193.248.99
672,Marleah,Weben,mwebenin@ezinearticles.com,Female,97.232.59.252
673,Norrie,Ellingsworth,nellingsworthio@phpbb.com,Genderfluid,98.177.221.149
674,Juliann,Dufour,jdufourip@mashable.com,Female,3.204.218.109
675,Reina,Laurencot,rlaurencotiq@studiopress.com,Female,3.97.8.195
676,Alano,Gorghetto,agorghettoir@jalbum.net,Male,175.43.35.141
677,Marty,Tremoulet,mtremouletis@forbes.com,Male,213.106.102.13
678,Fanchette,Kubica,fkubicait@mapy.cz,Female,210.1.158.178
679,Mimi,Isacq,misacqiu@walmart.com,Female,222.55.138.112
680,Bil,Hammelberg,bhammelbergiv@booking.com,Male,204.190.133.61
681,Jone,Reolfo,jreolfoiw@nydailynews.com,Male,8.199.168.100
682,Bud,MacDunleavy,bmacdunleavyix@arstechnica.com,Male,51.84.44.65
683,Westbrook,Burgisi,wburgisiiy@live.com,Male,12.139.24.193
684,Tony,Reddyhoff,treddyhoffiz@gnu.org,Male,72.172.54.146
685,Karlis,Bedborough,kbedboroughj0@cargocollective.com,Male,217.24.60.9
686,Cecilius,Dohrmann,cdohrmannj1@google.com,Male,19.147.192.35
687,Janos,Coyish,jcoyishj2@nhs.uk,Male,60.231.177.8
688,Danielle,Water,dwaterj3@usda.gov,Female,161.162.47.75
689,Faydra,Boyall,fboyallj4@dailymail.co.uk,Female,18.35.96.144
690,Dew,Hedon,dhedonj5@angelfire.com,Male,206.33.21.156
691,Carlin,Mandel,cmandelj6@comcast.net,Male,29.132.171.243
692,Elmore,Sergean,esergeanj7@pbs.org,Male,112.135.51.61
693,Zsa zsa,Branca,zbrancaj8@etsy.com,Polygender,121.202.250.237
694,Giraldo,Real,grealj9@google.fr,Male,140.12.186.210
695,Patrizia,Greystock,pgreystockja@sogou.com,Female,145.25.92.30
696,Odille,Burk,oburkjb@alexa.com,Bigender,247.58.9.138
697,Constancia,Matthai,cmatthaijc@house.gov,Agender,98.222.136.27
698,Maren,Shannahan,mshannahanjd@amazon.de,Female,175.135.244.194
699,Isis,Le Borgne,ileborgneje@phpbb.com,Female,117.207.100.98
700,Hermon,Dunsire,hdunsirejf@webs.com,Male,172.92.253.107
701,Verena,Saladin,vsaladinjg@mtv.com,Female,54.127.123.175
702,Jobi,Jakeman,jjakemanjh@auda.org.au,Female,144.86.93.247
703,Conny,Piwell,cpiwellji@jalbum.net,Male,224.250.61.19
704,Raffaello,Maurice,rmauricejj@buzzfeed.com,Male,66.195.124.225
705,Benito,Balas,bbalasjk@privacy.gov.au,Male,56.199.28.200
706,Annissa,Slopier,aslopierjl@psu.edu,Female,131.94.61.3
707,Hale,Beere,hbeerejm@newsvine.com,Male,30.162.219.18
708,Carmelia,Stanning,cstanningjn@tumblr.com,Female,35.204.43.139
709,Whittaker,Clendennen,wclendennenjo@stumbleupon.com,Agender,64.245.157.75
710,Erhart,Moggan,emogganjp@tamu.edu,Male,154.5.112.97
711,Vonnie,Paulack,vpaulackjq@twitter.com,Female,238.221.250.142
712,May,Giacopazzi,mgiacopazzijr@wsj.com,Female,171.252.163.182
713,Flo,Foffano,ffoffanojs@theguardian.com,Female,127.213.229.159
714,Gabie,Redbourn,gredbournjt@moonfruit.com,Female,102.20.168.145
715,Damita,Spondley,dspondleyju@microsoft.com,Female,133.72.94.72
716,Dianne,Biggam,dbiggamjv@fastcompany.com,Female,97.199.84.120
717,Darb,Grichukhanov,dgrichukhanovjw@lulu.com,Female,156.211.139.159
718,Kahlil,Wickendon,kwickendonjx@washingtonpost.com,Male,168.116.86.34
719,Pascale,Clemo,pclemojy@google.it,Male,16.161.231.80
720,Delly,Esberger,desbergerjz@photobucket.com,Female,38.93.18.23
721,Donn,Betteridge,dbetteridgek0@opensource.org,Male,245.115.97.198
722,Fairfax,Di Bartolomeo,fdibartolomeok1@wordpress.org,Male,125.244.167.200
723,Ethe,Chalmers,echalmersk2@usgs.gov,Male,101.121.98.203
724,Mohandis,Kleisle,mkleislek3@diigo.com,Genderfluid,1.19.135.125
725,Rafaellle,Maiklem,rmaiklemk4@lycos.com,Male,125.115.35.81
726,Berkeley,Osan,bosank5@etsy.com,Male,136.146.101.61
727,Jonathon,Eaddy,jeaddyk6@accuweather.com,Male,121.172.213.139
728,Ker,Halsey,khalseyk7@hud.gov,Male,31.29.241.194
729,Araldo,Lattimer,alattimerk8@behance.net,Male,19.65.105.46
730,Evan,Plester,eplesterk9@army.mil,Male,7.62.222.142
731,Ashlen,Bard,abardka@w3.org,Female,101.187.140.61
732,Frazer,Dundin,fdundinkb@upenn.edu,Male,18.248.101.254
733,Tyler,Allnatt,tallnattkc@odnoklassniki.ru,Polygender,18.244.0.160
734,Joseito,Rye,jryekd@wired.com,Male,50.9.156.203
735,Hilario,Hughman,hhughmanke@slashdot.org,Male,151.224.74.170
736,Annabella,Tohill,atohillkf@meetup.com,Female,117.97.10.77
737,Ottilie,Pounsett,opounsettkg@reference.com,Female,59.221.98.44
738,Hedvige,Drinnan,hdrinnankh@myspace.com,Genderfluid,28.64.16.212
739,Fayre,Lant,flantki@sphinn.com,Female,236.201.97.152
740,Elvira,Morcombe,emorcombekj@cloudflare.com,Female,147.38.12.224
741,Yoshiko,Murra,ymurrakk@pagesperso-orange.fr,Female,240.114.1.202
742,Cosetta,Ashforth,cashforthkl@imdb.com,Female,98.86.154.199
743,Aimee,Steed,asteedkm@businesswire.com,Female,108.234.120.176
744,Muffin,Winckle,mwincklekn@mayoclinic.com,Female,74.113.119.170
745,Elinore,Chevins,echevinsko@archive.org,Female,94.231.232.1
746,Jelene,Riepl,jrieplkp@github.io,Female,173.204.72.234
747,Agretha,Siuda,asiudakq@hp.com,Female,112.194.195.243
748,Josselyn,Dalbey,jdalbeykr@washingtonpost.com,Female,228.38.26.250
749,Dee dee,Cammack,dcammackks@cloudflare.com,Genderqueer,189.202.39.105
750,Ripley,Reece,rreecekt@rakuten.co.jp,Male,111.156.177.170
751,Leo,Metcalf,lmetcalfku@netvibes.com,Male,165.43.246.170
752,Lane,Beswick,lbeswickkv@boston.com,Male,148.107.22.57
753,Gisele,Duffield,gduffieldkw@nydailynews.com,Female,46.225.37.8
754,Pavel,Pawelek,ppawelekkx@state.gov,Male,173.161.73.226
755,Dominga,Razzell,drazzellky@webmd.com,Female,133.165.2.240
756,Elli,Guyonneau,eguyonneaukz@goodreads.com,Female,255.43.129.197
757,Olivia,Grattage,ograttagel0@hexun.com,Female,66.87.27.191
758,Alford,Abbatini,aabbatinil1@toplist.cz,Male,149.5.244.202
759,Yanaton,Messingham,ymessinghaml2@washington.edu,Male,248.19.128.150
760,Con,Markovich,cmarkovichl3@gov.uk,Polygender,4.220.98.149
761,Linnet,Grinnov,lgrinnovl4@storify.com,Female,26.77.24.255
762,Rubi,Orsman,rorsmanl5@barnesandnoble.com,Female,5.58.33.26
763,Ludovika,Chappelow,lchappelowl6@list-manage.com,Polygender,234.81.202.194
764,Arnold,Bauduccio,abauducciol7@youku.com,Male,145.188.251.97
765,Rosaline,Bowes,rbowesl8@google.de,Female,122.85.62.242
766,Michale,Dimitrescu,mdimitrescul9@skype.com,Male,200.113.232.108
767,Fionnula,Lemmon,flemmonla@who.int,Female,210.127.143.73
768,Janeczka,Hempel,jhempellb@google.de,Female,43.148.167.8
769,Spence,Moyers,smoyerslc@flavors.me,Genderfluid,53.132.118.25
770,Stevie,Newiss,snewissld@skyrock.com,Male,203.121.158.42
771,Kirby,Payn,kpaynle@theguardian.com,Female,75.249.14.113
772,Ross,Trowl,rtrowllf@4shared.com,Male,4.118.74.176
773,Giacobo,Okill,gokilllg@home.pl,Male,90.162.57.70
774,Antonio,Plewes,apleweslh@unblog.fr,Male,111.92.194.138
775,Ddene,Loughead,dlougheadli@ask.com,Female,185.179.17.81
776,Rik,Dingley,rdingleylj@ifeng.com,Bigender,97.180.237.101
777,Merle,Coy,mcoylk@home.pl,Male,199.190.141.178
778,Colas,Birdis,cbirdisll@disqus.com,Male,86.135.249.193
779,Michell,Edie,medielm@telegraph.co.uk,Genderfluid,67.177.120.197
780,Kennie,Skyrm,kskyrmln@intel.com,Male,79.233.237.52
781,Keelia,Saw,ksawlo@census.gov,Female,70.136.204.70
782,Theodosia,Moreno,tmorenolp@mozilla.org,Female,167.199.140.181
783,Cristina,Wrightham,cwrighthamlq@mozilla.com,Polygender,63.150.206.45
784,Melly,Forrest,mforrestlr@github.com,Genderqueer,145.15.120.156
785,Berte,Hubatsch,bhubatschls@trellian.com,Female,57.149.146.219
786,Lotta,Brackley,lbrackleylt@phoca.cz,Genderqueer,23.102.116.102
787,Marthe,Hargie,mhargielu@springer.com,Female,223.67.193.89
788,Elijah,Luther,elutherlv@youtu.be,Male,149.194.48.199
789,Amerigo,Gouly,agoulylw@simplemachines.org,Male,172.141.67.30
790,Abel,Vass,avasslx@blogs.com,Polygender,39.165.46.43
791,Walther,Limpertz,wlimpertzly@pinterest.com,Male,92.176.215.136
792,Alexis,Vido,avidolz@businessinsider.com,Female,97.23.95.138
793,Laney,Allum,lallumm0@miibeian.gov.cn,Male,30.29.57.102
794,Winston,Bakesef,wbakesefm1@addtoany.com,Male,0.50.113.10
795,Bailey,Heistermann,bheistermannm2@thetimes.co.uk,Male,116.65.73.211
796,Miner,Devlin,mdevlinm3@time.com,Male,71.213.65.94
797,Nariko,Hadwen,nhadwenm4@dell.com,Female,123.77.141.225
798,Sybyl,Blofield,sblofieldm5@rambler.ru,Female,117.119.166.155
799,Frasquito,Jedryka,fjedrykam6@seattletimes.com,Male,180.17.163.50
800,Lilllie,Karlmann,lkarlmannm7@soup.io,Female,92.110.25.115
801,Dene,Joice,djoicem8@unesco.org,Male,141.46.38.252
802,Eda,Dilgarno,edilgarnom9@yale.edu,Female,255.148.230.171
803,Denice,De Bischop,ddebischopma@boston.com,Agender,190.111.86.99
804,Israel,Brennen,ibrennenmb@zdnet.com,Male,49.91.233.15
805,Doy,Forsard,dforsardmc@illinois.edu,Male,176.43.214.86
806,Lukas,Washtell,lwashtellmd@etsy.com,Male,175.207.139.157
807,Peirce,Bonsale,pbonsaleme@blogtalkradio.com,Male,63.203.54.36
808,Christie,Whyte,cwhytemf@mapy.cz,Male,106.247.0.27
809,Shermy,Goretti,sgorettimg@typepad.com,Male,137.100.212.68
810,Alvis,Setterfield,asetterfieldmh@ameblo.jp,Male,39.50.209.191
811,Norry,Guslon,nguslonmi@buzzfeed.com,Female,53.145.17.83
812,Kellina,Varty,kvartymj@hatena.ne.jp,Polygender,147.116.139.209
813,Arlena,Quilliam,aquilliammk@behance.net,Female,91.209.74.143
814,Amandie,Girardy,agirardyml@disqus.com,Female,95.86.253.55
815,Alfredo,Duding,adudingmm@guardian.co.uk,Male,53.97.112.71
816,Herta,Ludewig,hludewigmn@si.edu,Female,139.31.152.126
817,Rianon,McCurdy,rmccurdymo@state.tx.us,Female,186.168.106.224
818,Saxe,Dametti,sdamettimp@netlog.com,Male,66.7.132.7
819,Zollie,Olivazzi,zolivazzimq@tumblr.com,Male,0.167.65.11
820,Petrina,McMorland,pmcmorlandmr@fema.gov,Female,192.222.105.192
821,Thea,Matteotti,tmatteottims@icq.com,Female,222.233.66.201
822,Paquito,Aleso,palesomt@alexa.com,Male,102.131.94.105
823,Philis,Skene,pskenemu@nhs.uk,Female,29.56.3.55
824,Geri,Sowrey,gsowreymv@google.it,Male,130.43.157.232
825,Xever,Flips,xflipsmw@blogspot.com,Male,5.185.11.20
826,Aarika,McElrath,amcelrathmx@berkeley.edu,Female,90.219.67.118
827,Brooke,Davis,bdavismy@miibeian.gov.cn,Female,33.162.243.78
828,Druci,Bradie,dbradiemz@exblog.jp,Female,164.206.119.221
829,Fifi,Francomb,ffrancombn0@com.com,Female,29.30.20.37
830,Emery,Di Domenico,edidomenicon1@nasa.gov,Male,47.203.253.209
831,Marcello,Biasetti,mbiasettin2@google.com.au,Male,6.88.70.253
832,Miranda,Hitchens,mhitchensn3@1688.com,Female,128.228.117.182
833,Danila,Stranieri,dstranierin4@altervista.org,Female,200.27.66.69
834,Pauly,Salterne,psalternen5@163.com,Male,190.76.80.226
835,Darline,Gillow,dgillown6@icq.com,Female,88.17.245.37
836,Noni,Clawson,nclawsonn7@google.ru,Female,203.132.83.56
837,Rhianon,Huebner,rhuebnern8@globo.com,Female,120.40.25.90
838,Stepha,Kasbye,skasbyen9@photobucket.com,Female,85.157.202.235
839,Ninon,Le Quesne,nlequesnena@parallels.com,Female,241.0.77.254
840,Datha,Arber,darbernb@google.co.uk,Female,143.253.146.59
841,Guendolen,Pawle,gpawlenc@creativecommons.org,Female,79.38.30.87
842,Tiphanie,Toplis,ttoplisnd@amazon.co.uk,Genderfluid,182.116.94.147
843,Carie,Lanchbury,clanchburyne@mit.edu,Female,219.190.206.198
844,Guendolen,Toffano,gtoffanonf@salon.com,Female,77.56.135.248
845,Corbie,Kauschke,ckauschkeng@disqus.com,Male,44.138.185.5
846,Nicola,Buyers,nbuyersnh@fda.gov,Genderfluid,218.135.131.112
847,Aylmer,Moreing,amoreingni@pcworld.com,Genderfluid,174.187.166.74
848,Drugi,Loweth,dlowethnj@usnews.com,Male,133.214.79.16
849,Sidney,McIlwreath,smcilwreathnk@ebay.co.uk,Male,79.54.180.181
850,Phillie,Huggins,phugginsnl@soundcloud.com,Female,182.104.224.32
851,Bartolemo,Goldin,bgoldinnm@tumblr.com,Male,48.89.24.65
852,Alix,Nurse,anursenn@mediafire.com,Male,238.125.118.153
853,Madalyn,Hynam,mhynamno@nps.gov,Female,237.129.30.108
854,Lesly,Yegorov,lyegorovnp@jalbum.net,Female,204.36.26.183
855,Archer,Corbyn,acorbynnq@cam.ac.uk,Male,177.143.85.2
856,Gregg,Pendleton,gpendletonnr@blogs.com,Male,45.234.104.7
857,Lowrance,Mulles,lmullesns@gov.uk,Male,168.239.124.68
858,Shep,Iwanowicz,siwanowicznt@elpais.com,Male,194.205.36.119
859,Meredithe,Kilsby,mkilsbynu@whitehouse.gov,Female,130.243.193.11
860,Nessi,Golton,ngoltonnv@opera.com,Female,146.37.129.10
861,Marrilee,Slegg,msleggnw@harvard.edu,Female,252.95.183.95
862,Victoria,Sandcroft,vsandcroftnx@google.it,Female,130.152.19.4
863,Glory,Dimanche,gdimancheny@amazon.com,Female,163.222.102.39
864,Smith,Audley,saudleynz@de.vu,Male,70.33.154.171
865,Clyve,Spada,cspadao0@wikimedia.org,Male,152.47.73.80
866,Farrell,Gofforth,fgoffortho1@hexun.com,Male,7.49.86.244
867,Dory,Kornel,dkornelo2@harvard.edu,Female,71.7.38.160
868,Dex,Kellart,dkellarto3@house.gov,Male,91.214.38.160
869,Darcee,Picker,dpickero4@t.co,Female,140.85.213.17
870,Farleigh,Aspinwall,faspinwallo5@tumblr.com,Male,182.209.212.134
871,Judd,Yarrall,jyarrallo6@xrea.com,Bigender,227.36.18.74
872,Cassaundra,Prati,cpratio7@pagesperso-orange.fr,Female,96.129.81.128
873,Francene,Turbitt,fturbitto8@narod.ru,Female,6.158.2.44
874,Henry,Sherratt,hsherratto9@addthis.com,Male,91.153.242.100
875,Tani,Aitchison,taitchisonoa@hp.com,Agender,116.10.18.174
876,Susan,Danaher,sdanaherob@blogger.com,Female,66.205.140.36
877,Cathy,Grimsey,cgrimseyoc@soundcloud.com,Female,104.144.152.62
878,Lorettalorna,Attwoull,lattwoullod@vimeo.com,Female,81.65.147.128
879,Luciano,Lewsley,llewsleyoe@unesco.org,Male,174.251.57.14
880,Herman,Dymock,hdymockof@squarespace.com,Male,220.107.7.25
881,Grantham,Ahrend,gahrendog@topsy.com,Male,133.104.69.104
882,Kerwin,Flintiff,kflintiffoh@geocities.jp,Male,59.165.133.159
883,Mata,Frigout,mfrigoutoi@ustream.tv,Agender,173.200.9.128
884,Fabiano,Meegan,fmeeganoj@google.co.uk,Male,115.237.208.38
885,Keen,Divisek,kdivisekok@imageshack.us,Male,83.110.24.61
886,Edna,Tabourel,etabourelol@seattletimes.com,Female,217.121.97.154
887,Port,Audrey,paudreyom@telegraph.co.uk,Male,146.15.233.79
888,Kriste,Boswood,kboswoodon@cafepress.com,Female,14.91.229.50
889,Bertrand,Okenden,bokendenoo@bloomberg.com,Male,18.193.186.161
890,Jarrett,Sleigh,jsleighop@msu.edu,Male,219.125.243.187
891,Rogers,Stanyan,rstanyanoq@posterous.com,Genderfluid,90.189.7.135
892,Abel,Carsey,acarseyor@ustream.tv,Male,146.49.199.160
893,Salem,Hartigan,shartiganos@walmart.com,Male,97.78.156.62
894,Travers,Cockton,tcocktonot@posterous.com,Male,151.55.198.28
895,Aubree,Boynes,aboynesou@webs.com,Female,20.215.117.112
896,Erastus,Dewsbury,edewsburyov@redcross.org,Male,156.30.94.174
897,Renado,Featherstonhaugh,rfeatherstonhaughow@google.com.au,Male,194.51.99.170
898,Kalila,Stow,kstowox@berkeley.edu,Agender,253.84.221.195
899,Wayland,Mitchard,wmitchardoy@omniture.com,Male,106.20.85.212
900,Dilan,Enstone,denstoneoz@themeforest.net,Male,185.25.83.122
901,Francklyn,Austins,faustinsp0@live.com,Male,250.20.179.94
902,Bear,Brabin,bbrabinp1@chicagotribune.com,Male,212.127.22.240
903,Hali,Carding,hcardingp2@rediff.com,Female,201.194.178.122
904,Stanton,Adair,sadairp3@psu.edu,Male,236.178.172.123
905,Phil,Sarrell,psarrellp4@slideshare.net,Female,139.208.107.225
906,Levon,Blaszkiewicz,lblaszkiewiczp5@bing.com,Male,97.181.181.165
907,Gwenni,MacFall,gmacfallp6@reuters.com,Female,72.16.154.197
908,Wilhelmina,Cameli,wcamelip7@sakura.ne.jp,Female,159.142.233.56
909,Roscoe,Wright,rwrightp8@gnu.org,Male,63.34.147.38
910,Adrian,Sheals,ashealsp9@4shared.com,Male,161.160.233.211
911,Una,Lawdham,ulawdhampa@google.ru,Female,176.156.160.178
912,Derick,Calyton,dcalytonpb@smugmug.com,Male,40.84.156.164
913,Gena,Belt,gbeltpc@slate.com,Female,65.91.82.14
914,Harrie,Gronno,hgronnopd@npr.org,Genderqueer,116.110.92.77
915,Bunny,Jovovic,bjovovicpe@blogspot.com,Female,144.161.152.52
916,Liam,Dartnell,ldartnellpf@epa.gov,Male,240.174.139.236
917,Korney,Hallgate,khallgatepg@free.fr,Female,114.22.255.173
918,Eadmund,Spering,esperingph@ustream.tv,Male,22.166.220.218
919,Durand,Hawford,dhawfordpi@wp.com,Male,168.185.107.111
920,Ilaire,Barthelme,ibarthelmepj@mtv.com,Male,220.105.131.124
921,Gard,Lamplugh,glamplughpk@feedburner.com,Male,192.54.47.181
922,Danya,Scatchard,dscatchardpl@wikia.com,Female,217.97.116.23
923,Felicio,O'Lenechan,folenechanpm@nytimes.com,Male,163.150.133.139
924,Marni,Chicotti,mchicottipn@google.com.br,Female,254.123.42.43
925,Benn,Dallimore,bdallimorepo@networksolutions.com,Male,165.223.3.55
926,Leola,Orbine,lorbinepp@cbslocal.com,Female,13.74.222.104
927,Bette,Domingues,bdominguespq@lulu.com,Female,191.26.145.179
928,Aurlie,Cayser,acayserpr@intel.com,Female,49.10.92.70
929,Roderigo,Rudloff,rrudloffps@mit.edu,Male,246.17.2.194
930,Patrizia,Jodrelle,pjodrellept@bing.com,Female,220.34.241.140
931,Heidie,Bohman,hbohmanpu@freewebs.com,Female,159.85.194.30
932,Ealasaid,Ullett,eullettpv@imageshack.us,Female,201.203.0.226
933,Jerrie,Morrissey,jmorrisseypw@godaddy.com,Female,67.60.151.144
934,Amitie,O'Gorman,aogormanpx@phoca.cz,Female,14.8.48.248
935,Eduino,Clues,ecluespy@dell.com,Male,122.105.166.50
936,Kat,Worner,kwornerpz@fotki.com,Female,190.224.84.12
937,Junia,Gisburn,jgisburnq0@a8.net,Female,254.37.133.20
938,Luise,Reddan,lreddanq1@51.la,Female,102.176.56.154
939,Hussein,Strathe,hstratheq2@yelp.com,Male,201.91.162.82
940,Abran,Damato,adamatoq3@nbcnews.com,Male,96.144.134.184
941,Leta,Kharchinski,lkharchinskiq4@house.gov,Female,128.3.13.211
942,Welbie,Ramble,wrambleq5@dailymotion.com,Male,190.82.100.81
943,Welbie,Barrott,wbarrottq6@unc.edu,Male,133.5.217.37
944,Faunie,Tomeo,ftomeoq7@apache.org,Female,85.102.173.20
945,Gorden,Booth-Jarvis,gboothjarvisq8@msn.com,Male,96.84.140.24
946,Kitty,Dunguy,kdunguyq9@sitemeter.com,Female,78.36.163.2
947,Leticia,Budnik,lbudnikqa@digg.com,Female,85.157.205.23
948,Romonda,O' Hogan,rohoganqb@ask.com,Female,47.119.17.195
949,Marleen,Dumelow,mdumelowqc@live.com,Female,185.246.9.127
950,Hammad,Casserley,hcasserleyqd@fc2.com,Male,82.87.241.231
951,Lavena,Friberg,lfribergqe@epa.gov,Female,229.9.205.136
952,Arvy,Edgehill,aedgehillqf@reverbnation.com,Agender,212.164.189.106
953,Arlena,Hamley,ahamleyqg@barnesandnoble.com,Female,127.251.21.135
954,Aloysius,Montague,amontagueqh@ezinearticles.com,Male,148.88.178.212
955,Pauletta,Pierce,ppierceqi@chron.com,Female,228.193.254.219
956,Jere,Joanic,jjoanicqj@google.ru,Female,36.12.114.35
957,Francine,Guys,fguysqk@reuters.com,Female,98.1.161.125
958,Rebe,Getty,rgettyql@istockphoto.com,Female,186.21.201.118
959,Danya,Luscott,dluscottqm@sfgate.com,Genderqueer,250.17.38.189
960,Renate,Rudloff,rrudloffqn@ox.ac.uk,Polygender,130.29.141.198
961,Godart,Skarr,gskarrqo@google.co.uk,Male,130.156.82.9
962,Aridatha,Doel,adoelqp@php.net,Female,189.69.83.131
963,Nappy,Finlay,nfinlayqq@mit.edu,Agender,71.248.14.240
964,Alicia,Ruffey,aruffeyqr@timesonline.co.uk,Female,87.119.95.242
965,Sigfried,Yuryichev,syuryichevqs@google.co.uk,Male,153.65.137.30
966,Starr,Vasnetsov,svasnetsovqt@bravesites.com,Female,130.1.216.203
967,Silvain,Charpling,scharplingqu@amazon.de,Male,179.66.49.242
968,Vallie,Baldack,vbaldackqv@typepad.com,Female,48.216.138.227
969,Lorenzo,Elmer,lelmerqw@psu.edu,Male,147.239.89.127
970,Atlanta,Burnham,aburnhamqx@seattletimes.com,Bigender,117.171.9.0
971,Harwell,De Antoni,hdeantoniqy@typepad.com,Polygender,238.180.183.91
972,Seamus,O'Luney,soluneyqz@usa.gov,Male,138.196.208.47
973,Pincas,Itskovitz,pitskovitzr0@simplemachines.org,Male,188.250.46.248
974,Emmott,Storrs,estorrsr1@arstechnica.com,Male,218.43.8.87
975,Torey,Beckinsale,tbeckinsaler2@marriott.com,Male,220.210.177.158
976,Ester,Shillabear,eshillabearr3@wikipedia.org,Female,132.182.34.144
977,Ariel,Moscrop,amoscropr4@psu.edu,Male,220.14.232.59
978,Virginie,De Domenico,vdedomenicor5@edublogs.org,Agender,120.12.21.5
979,Ichabod,Grugerr,igrugerrr6@list-manage.com,Male,222.150.81.17
980,Selle,Plant,splantr7@mapquest.com,Female,45.253.84.136
981,Hillier,Polsin,hpolsinr8@house.gov,Male,193.55.112.7
982,Joel,Pedrielli,jpedriellir9@opensource.org,Genderqueer,58.56.140.220
983,Yasmeen,Cosgriff,ycosgriffra@mozilla.org,Female,134.208.52.91
984,Leela,Nix,lnixrb@nhs.uk,Female,163.44.18.135
985,Kizzee,Garrity,kgarrityrc@sakura.ne.jp,Female,91.220.194.139
986,Sonnnie,Ephson,sephsonrd@state.tx.us,Bigender,250.184.53.193
987,Hurlee,Hryncewicz,hhryncewiczre@pbs.org,Male,33.61.34.13
988,Rebekah,Furst,rfurstrf@nytimes.com,Female,23.43.173.206
989,Freddy,Spavins,fspavinsrg@list-manage.com,Male,102.204.203.204
990,Livvie,Mackrell,lmackrellrh@drupal.org,Genderqueer,85.112.223.190
991,Locke,Romera,lromerari@ocn.ne.jp,Male,108.222.98.26
992,Mariska,Byram,mbyramrj@google.co.jp,Female,150.106.82.219
993,Sherry,Ezzle,sezzlerk@dyndns.org,Female,163.167.96.13
994,Mia,Fiddyment,mfiddymentrl@istockphoto.com,Female,67.184.34.71
995,Susette,Dailly,sdaillyrm@walmart.com,Genderqueer,151.3.139.204
996,Kiele,Paley,kpaleyrn@xinhuanet.com,Female,99.174.107.205
997,Dominique,Proudler,dproudlerro@mac.com,Polygender,92.46.44.49
998,Dalis,Camplin,dcamplinrp@gravatar.com,Male,214.41.126.126
999,Dalli,Roxburgh,droxburghrq@cargocollective.com,Male,42.108.215.2
1000,Jamil,Di Giacomo,jdigiacomorr@dailymail.co.uk,Male,65.48.170.62
